スノーヴァ新横浜,神奈川県横浜市鶴見区梶山1-2-43,045-570-4141,gelande308,35.524574,139.6589941,す,スノーヴァ新横 OR SNOVA新横
SNOVA溝の口-R246,神奈川県川崎市高津区下作延5丁目28-1,044-844-1181,gelande309,34.1602226,135.292113,す,SNOVA溝 OR スノーヴァ溝
龍ヶ崎カムイスノーボードパーク,茨城県龍ヶ崎市松ヶ丘4-3-1,0297-63-0003,gelande310,35.9386999,140.2086994,り,龍ヶ崎 カムイ
狭山スキー場,埼玉県所沢市上山口2167,04-2922-1384,gelande311,35.7684441,139.4187155,さ,狭山スキー
